Workbook

Sheet Guidebook Example
A1: Sample allocation guidebook example - formula-driven matrix
A3: Stratum ID | B3: Description | C3: Population (N_h) | D3: Std. Dev. (S_h) | E3: Unit Cost (c_h) | F3: Equal allocation n_h | G3: Population share W_h | H3: Proportional allocation n_h | I3: Product N_h*S_h | J3: Neyman proportion | K3: Neyman allocation n_h | L3: Power term N_h^q | M3: Power proportion | N3: Power allocation n_h | O3: Cost term N_h*S_h/SQRT(c_h) | P3: Cost allocation n_h
A4: 1 | B4: Mountain Rural | C4: 80000 | D4: 12 | E4: 8000 | F4: =ROUND($B$14/COUNT($C$4:$C$8),0) -> 240 | G4: =C4/SUM($C$4:$C$8) -> 0.042105263 | H4: =ROUND($B$14*G4,0) -> 51 | I4: =C4*D4 -> 960000 | J4: =I4/SUM($I$4:$I$8) -> 0.025170425 | K4: =ROUND($B$14*J4,0) -> 30 | L4: =C4^$B$15 -> 282.84271 | M4: =L4/SUM($L$4:$L$8) -> 0.096786351 | N4: =ROUND($B$14*M4,0) -> 116 | O4: =(C4*D4)/SQRT(E4) -> 10733.126 | P4: =ROUND($B$14*(O4/SUM($O$4:$O$8)),0) -> 17
A5: 2 | B5: Hill Rural | C5: 340000 | D5: 15 | E5: 4000 | F5: =ROUND($B$14/COUNT($C$4:$C$8),0) -> 240 | G5: =C5/SUM($C$4:$C$8) -> 0.17894737 | H5: =ROUND($B$14*G5,0) -> 215 | I5: =C5*D5 -> 5100000 | J5: =I5/SUM($I$4:$I$8) -> 0.13371788 | K5: =ROUND($B$14*J5,0) -> 160 | L5: =C5^$B$15 -> 583.09519 | M5: =L5/SUM($L$4:$L$8) -> 0.19953017 | N5: =ROUND($B$14*M5,0) -> 239 | O5: =(C5*D5)/SQRT(E5) -> 80638.08 | P5: =ROUND($B$14*(O5/SUM($O$4:$O$8)),0) -> 129
A6: 3 | B6: Hill Urban | C6: 260000 | D6: 22 | E6: 3000 | F6: =ROUND($B$14/COUNT($C$4:$C$8),0) -> 240 | G6: =C6/SUM($C$4:$C$8) -> 0.13684211 | H6: =ROUND($B$14*G6,0) -> 164 | I6: =C6*D6 -> 5720000 | J6: =I6/SUM($I$4:$I$8) -> 0.14997378 | K6: =ROUND($B$14*J6,0) -> 180 | L6: =C6^$B$15 -> 509.90195 | M6: =L6/SUM($L$4:$L$8) -> 0.17448408 | N6: =ROUND($B$14*M6,0) -> 209 | O6: =(C6*D6)/SQRT(E6) -> 104432.43 | P6: =ROUND($B$14*(O6/SUM($O$4:$O$8)),0) -> 167
A7: 4 | B7: Terai Rural | C7: 780000 | D7: 18 | E7: 2500 | F7: =ROUND($B$14/COUNT($C$4:$C$8),0) -> 240 | G7: =C7/SUM($C$4:$C$8) -> 0.41052632 | H7: =ROUND($B$14*G7,0) -> 493 | I7: =C7*D7 -> 14040000 | J7: =I7/SUM($I$4:$I$8) -> 0.36811746 | K7: =ROUND($B$14*J7,0) -> 442 | L7: =C7^$B$15 -> 883.17609 | M7: =L7/SUM($L$4:$L$8) -> 0.30221528 | N7: =ROUND($B$14*M7,0) -> 363 | O7: =(C7*D7)/SQRT(E7) -> 280800 | P7: =ROUND($B$14*(O7/SUM($O$4:$O$8)),0) -> 448
A8: 5 | B8: Terai Urban | C8: 440000 | D8: 28 | E8: 2000 | F8: =ROUND($B$14/COUNT($C$4:$C$8),0) -> 240 | G8: =C8/SUM($C$4:$C$8) -> 0.23157895 | H8: =$B$14-SUM(H4:H7) -> 277 | I8: =C8*D8 -> 12320000 | J8: =I8/SUM($I$4:$I$8) -> 0.32302045 | K8: =$B$14-SUM(K4:K7) -> 388 | L8: =C8^$B$15 -> 663.32496 | M8: =L8/SUM($L$4:$L$8) -> 0.22698411 | N8: =$B$14-SUM(N4:N7) -> 273 | O8: =(C8*D8)/SQRT(E8) -> 275483.57 | P8: =$B$14-SUM(P4:P7) -> 439
A9: Total | C9: =SUM(C4:C8) -> 1900000 | F9: =SUM(F4:F8) -> 1200 | G9: =SUM(G4:G8) -> 1 | H9: =SUM(H4:H8) -> 1200 | I9: =SUM(I4:I8) -> 38140000 | J9: =SUM(J4:J8) -> 1 | K9: =SUM(K4:K8) -> 1200 | L9: =SUM(L4:L8) -> 2922.3409 | M9: =SUM(M4:M8) -> 1 | ... P9: =SUM(P4:P8) -> 1200
A11: Notes
A12: Yellow cells are inputs. Green cells are formulas. The last stratum absorbs any rounding drift so each final allocation column equals the total sample size.
A14: Total Sample Size (n) | B14: 1200
A15: Power Parameter (q) | B15: 0.5
A16: Minimum Floor (n_min) | B16: 30

Sheet Floor Adjustment
A1: Cost-constrained allocation with minimum sample floor
A2: Total Sample Size (n) | B2: 1200
A3: Minimum Floor (n_min) | B3: 30
A5: Stratum ID | B5: Description | C5: Population | D5: Std. Dev. | E5: Unit Cost | F5: Cost Term | G5: Original Cost Allocation | H5: Below Floor? | I5: Adjusted Raw | J5: Adjusted Allocation | K5: Net Change
A6: 1 | B6: Mountain Rural | C6: ='Guidebook Example'!C4 -> 80000 | D6: ='Guidebook Example'!D4 -> 12 | E6: ='Guidebook Example'!E4 -> 8000 | F6: =C6*D6/SQRT(E6) -> 10733.126 | G6: ='Guidebook Example'!P4 -> 17 | H6: =G6<$B$3 -> TRUE | I6: =IF(H6,$B$3,($B$2-SUMPRODUCT(--($G$6:$G$10<$B$3),$B$3))*F6/SUMIFS($F$6:$F$10,$G$6:$G$10,">="&$B$3)) -> 30 | J6: =ROUND(I6,0) -> 30 | K6: =J6-G6 -> 13
A7: 2 | B7: Hill Rural | C7: ='Guidebook Example'!C5 -> 340000 | D7: ='Guidebook Example'!D5 -> 15 | E7: ='Guidebook Example'!E5 -> 4000 | F7: =C7*D7/SQRT(E7) -> 80638.08 | G7: ='Guidebook Example'!P5 -> 129 | H7: =G7<$B$3 -> FALSE | I7: =($B$2-$I$6)*G7/SUM($G$7:$G$10) -> 127.58242 | J7: =ROUND(I7,0) -> 128 | K7: =J7-G7 -> -1
A8: 3 | B8: Hill Urban | C8: ='Guidebook Example'!C6 -> 260000 | D8: ='Guidebook Example'!D6 -> 22 | E8: ='Guidebook Example'!E6 -> 3000 | F8: =C8*D8/SQRT(E8) -> 104432.43 | G8: ='Guidebook Example'!P6 -> 167 | H8: =G8<$B$3 -> FALSE | I8: =($B$2-$I$6)*G8/SUM($G$7:$G$10) -> 165.16484 | J8: =ROUND(I8,0) -> 165 | K8: =J8-G8 -> -2
A9: 4 | B9: Terai Rural | C9: ='Guidebook Example'!C7 -> 780000 | D9: ='Guidebook Example'!D7 -> 18 | E9: ='Guidebook Example'!E7 -> 2500 | F9: =C9*D9/SQRT(E9) -> 280800 | G9: ='Guidebook Example'!P7 -> 448 | H9: =G9<$B$3 -> FALSE | I9: =($B$2-$I$6)*G9/SUM($G$7:$G$10) -> 443.07692 | J9: =ROUND(I9,0) -> 443 | K9: =J9-G9 -> -5
A10: 5 | B10: Terai Urban | C10: ='Guidebook Example'!C8 -> 440000 | D10: ='Guidebook Example'!D8 -> 28 | E10: ='Guidebook Example'!E8 -> 2000 | F10: =C10*D10/SQRT(E10) -> 275483.57 | G10: ='Guidebook Example'!P8 -> 439 | H10: =G10<$B$3 -> FALSE | I10: =($B$2-$I$6)*G10/SUM($G$7:$G$10) -> 434.17582 | J10: =$B$2-SUM(J6:J9) -> 434 | K10: =J10-G10 -> -5
A11: Total | C11: =SUM(C6:C10) -> 1900000 | F11: =SUM(F6:F10) -> 752087.22 | G11: =SUM(G6:G10) -> 1200 | J11: =SUM(J6:J10) -> 1200 | K11: =SUM(K6:K10) -> 0

Sheet Design Weights
A1: Sampling fractions and design weights by allocation method
A3: Stratum ID | B3: Description | C3: Population | D3: Equal n | E3: Equal w | F3: Prop n | G3: Prop w | H3: Neyman n | I3: Neyman w | J3: Power n | K3: Power w | L3: Cost n | M3: Cost w | N3: Floor Cost n | O3: Floor Cost w
A4: ='Guidebook Example'!A4 -> 1 | B4: ='Guidebook Example'!B4 -> Mountain Rural | C4: ='Guidebook Example'!C4 -> 80000 | D4: ='Guidebook Example'!F4 -> 240 | E4: =C4/D4 -> 333.33333 | F4: ='Guidebook Example'!H4 -> 51 | G4: =C4/F4 -> 1568.6275 | H4: ='Guidebook Example'!K4 -> 30 | I4: =C4/H4 -> 2666.6667 | J4: ='Guidebook Example'!N4 -> 116 | K4: =C4/J4 -> 689.65517 | L4: ='Guidebook Example'!P4 -> 17 | M4: =C4/L4 -> 4705.8824 | N4: ='Floor Adjustment'!J6 -> 30 | O4: =C4/N4 -> 2666.6667
A5: ='Guidebook Example'!A5 -> 2 | B5: ='Guidebook Example'!B5 -> Hill Rural | C5: ='Guidebook Example'!C5 -> 340000 | D5: ='Guidebook Example'!F5 -> 240 | E5: =C5/D5 -> 1416.6667 | F5: ='Guidebook Example'!H5 -> 215 | G5: =C5/F5 -> 1581.3953 | H5: ='Guidebook Example'!K5 -> 160 | I5: =C5/H5 -> 2125 | J5: ='Guidebook Example'!N5 -> 239 | K5: =C5/J5 -> 1422.5941 | L5: ='Guidebook Example'!P5 -> 129 | M5: =C5/L5 -> 2635.6589 | N5: ='Floor Adjustment'!J7 -> 128 | O5: =C5/N5 -> 2656.25
A6: ='Guidebook Example'!A6 -> 3 | B6: ='Guidebook Example'!B6 -> Hill Urban | C6: ='Guidebook Example'!C6 -> 260000 | D6: ='Guidebook Example'!F6 -> 240 | E6: =C6/D6 -> 1083.3333 | F6: ='Guidebook Example'!H6 -> 164 | G6: =C6/F6 -> 1585.3659 | H6: ='Guidebook Example'!K6 -> 180 | I6: =C6/H6 -> 1444.4444 | J6: ='Guidebook Example'!N6 -> 209 | K6: =C6/J6 -> 1244.0191 | L6: ='Guidebook Example'!P6 -> 167 | M6: =C6/L6 -> 1556.8862 | N6: ='Floor Adjustment'!J8 -> 165 | O6: =C6/N6 -> 1575.7576
A7: ='Guidebook Example'!A7 -> 4 | B7: ='Guidebook Example'!B7 -> Terai Rural | C7: ='Guidebook Example'!C7 -> 780000 | D7: ='Guidebook Example'!F7 -> 240 | E7: =C7/D7 -> 3250 | F7: ='Guidebook Example'!H7 -> 493 | G7: =C7/F7 -> 1582.1501 | H7: ='Guidebook Example'!K7 -> 442 | I7: =C7/H7 -> 1764.7059 | J7: ='Guidebook Example'!N7 -> 363 | K7: =C7/J7 -> 2148.7603 | L7: ='Guidebook Example'!P7 -> 448 | M7: =C7/L7 -> 1741.0714 | N7: ='Floor Adjustment'!J9 -> 443 | O7: =C7/N7 -> 1760.7223
A8: ='Guidebook Example'!A8 -> 5 | B8: ='Guidebook Example'!B8 -> Terai Urban | C8: ='Guidebook Example'!C8 -> 440000 | D8: ='Guidebook Example'!F8 -> 240 | E8: =C8/D8 -> 1833.3333 | F8: ='Guidebook Example'!H8 -> 277 | G8: =C8/F8 -> 1588.4477 | H8: ='Guidebook Example'!K8 -> 388 | I8: =C8/H8 -> 1134.0206 | J8: ='Guidebook Example'!N8 -> 273 | K8: =C8/J8 -> 1611.7216 | L8: ='Guidebook Example'!P8 -> 439 | M8: =C8/L8 -> 1002.2779 | N8: ='Floor Adjustment'!J10 -> 434 | O8: =C8/N8 -> 1013.8249
A9: Total | C9: =SUM(C4:C8) -> 1900000 | D9: =SUM(D4:D8) -> 1200 | F9: =SUM(F4:F8) -> 1200 | H9: =SUM(H4:H8) -> 1200 | J9: =SUM(J4:J8) -> 1200 | L9: =SUM(L4:L8) -> 1200 | N9: =SUM(N4:N8) -> 1200
